Filename,RowCount
314_www.themontynews.org_.csv,9186
305_www.rcan.org_the-catholic-advocate.csv,91
180_www.tygodnikplus.com.csv,21
236_medium.com_the-williamstown-sun.csv,675
274_wsus1023.iheart.com_.csv,1535
170_www.theridernews.com.csv,2411
40_radio.rutgers.edu_.csv,554
78_www.brazilianpress.com.csv,11
312_www.theepochtimes.com_.csv,7740
204_943thepoint.com_.csv,9390
51_thenjsentinel.com_.csv,1924
239_nepszava.us.csv,18
135_www.philadelphiaweekly.com_.csv,831
155_www.spartaindependent.com_.csv,942
232_literock969.com_.csv,7471
328_www.wvlt.com_.csv,11707
251_princetoninfo.com_.csv,2209
230_impactolatin.com_.csv,21
259_thehunterdoncountynews.com_.csv,1375
248_philadelphia.cbslocal.com_.csv,5270
47_thecoaster.net_wordpress_.csv,569
300_www.pennjerseyradio.org_.csv,3
52_thepakistaninewspaper.com_.csv,40
291_www.irishecho.com.csv,1534
304_www.princetontv.org_Home.html.csv,2
310_www.telemundo62.com_.csv,10
103_www.italiantribune.com_.csv,1500
168_www.thepauwwow.org_.csv,871
76_www.banglapatrikausa.com_.csv,8
62_wjlp3.com_.csv,63
97_www.hammontongazette.com_.csv,15
241_newjerseyglobe.com_.csv,3483
113_www.lusoamericano.com.csv,39
122_www.new-new.com_about.asp.csv,5
50_thelinknews.net.csv,2823
74_www.anointedonline.net_.csv,224
255_southjerseyobserver.com_.csv,783
162_www.thecore.fm_public_index.php.csv,24
272_wpst.com_.csv,6482
299_www.ntd.tv.csv,1774
294_www.mattersmagazine.com_stories.csv,401
151_www.scoopusanewspaper.com_.csv,7
296_www.nbcphiladelphia.com_.csv,6693
156_www.starandwave.com.csv,8
284_www.ebcmusic.com_.csv,253
101_www.icnradio.com_.csv,2
55_thestute.com_.csv,56
57_torchbcc.com_.csv,3
88_www.dirt-mag.com_.csv,1510
322_www.wliw.org_.csv,1707
15_glenrocknews.today_.csv,1604
91_www.epgn.com_.csv,1798
327_www.wsj.com_.csv,9526
188_www.westmilfordmessenger.com_.csv,967
313_www.thehammontonnews.com_.csv,1540
81_www.burlingtoncountytimes.com_.csv,4
21_hometownetv.org_.csv,69
173_www.townshipjournal.com_.csv,950
252_savejersey.com_.csv,3292
311_www.thedrewacorn.com_.csv,20247
271_wpgtalkradio.com_.csv,8229
286_www.goleader.com_.csv,242
161_www.thebrasilians.com.csv,1977
159_www.tcnjsignal.net.csv,3510
107_www.koreadailyus.com_.csv,912
120_www.my9nj.com.csv,529
201_24horasnewspaper.com_.csv,10
282_www.courierpostonline.com_.csv,8108
301_www.phillyvoice.com_.csv,3188
205_abc7ny.com_new-jersey_.csv,39746
54_theshore1063.com_.csv,256
198_www.xpn.org_.csv,47
258_statebroadcastnews.com_category_garden_.csv,99
59_wbjb.org_home.php_.csv,1183
214_brigantinenow.com_.csv,1427
8_arabvoice.com_.csv,4
242_newstalk990.com_.csv,634
275_wurdradio.com_.csv,1000
145_www.rahwayrising.com_.csv,15776
235_medium.com_the-mantua-sun.csv,592
1_987thecoast.com_.csv,2176
73_www.americaoggi.info.csv,3
279_www.camdencc.edu_student_life_campus-press_.csv,29
67_www.1077thebronc.com_.csv,1159
177_www.tvasiausa.com.csv,36
290_www.irishcentral.com_.csv,3233
264_thepositivecommunity.com_.csv,1760
207_am970theanswer.com_.csv,1476
303_www.posteaglenewspaper.com_.csv,2489
210_balitangamerica.tv_.csv,1918
46_tapon1070.com_.csv,76
224_fduequinox.wordpress.com_.csv,974
246_njjewishnews.timesofisrael.com_.csv,5173
196_www.wsou.net_.csv,710
237_montclairdispatch.com.csv,1390
287_www.gujaratsamachar.com.csv,19
53_theridgewoodblog.net_.csv,12
183_www.urbanagendamagazine.com_.csv,644
293_www.law.com_thelegalintelligencer_.csv,1856
115_www.mcccvoice.org_.csv,455
77_www.bluejersey.com_.csv,2948
109_www.lavocedinewyork.com_en_.csv,746
200_1057thehawk.com_.csv,9176
154_www.snjtoday.com_.csv,2
225_forward.com_.csv,3165
65_wondradio.com_.csv,2965
331_mybeachradio.com_.csv,14015
70_www.ahherald.com_.csv,796
63_wmizradio.com_index1.html.csv,5
172_www.thewhitonline.com.csv,3
257_starnewsgroup.com_.csv,2202
288_www.indiaabroad.com.csv,2686
181_www.ukrweekly.com.csv,24
269_wmbctv.com_.csv,1083
60_wcvhfm.weebly.com_news.html.csv,43
285_www.gloucestercitynews.net_clearysnotebook_gloucester_city_news_.csv,43
112_www.lunj.net.csv,92
226_gothictimes.net_.csv,4
31_njrevolutionradio.com_.csv,3638
179_www.twp.woodbridge.nj.us_244_TV-35-36.csv,43
24_justcliqit.com.csv,833
261_thenubiannews.com_.csv,3098
244_nj1015.com_category_new-jersey-news_.csv,400
250_pocono967.com_.csv,1622
306_www.recordonline.com_.csv,3292
283_www.divyabhaskar.co.in.csv,84
184_www.uschinapress.com.csv,5
268_whyy.org_news_.csv,75
292_www.jewishlinknj.com_.csv,1648
308_www.southjerseybiz.net_.csv,1264
104_www.jerseyvoices.com.csv,1199
247_occvikingnews.org_.csv,6
223_essexnewsdaily.com_.csv,4487
41_radiozindagi.com_newyork_.csv,376
118_www.moremonmouthmusings.net_.csv,2017
326_www.wqxr.org_.csv,31527
273_wputimes.wordpress.com_.csv,950
36_pinebarrenstribune.com_.csv,114
256_southphillyreview.com_.csv,7664
222_eccobserverdotcom.wordpress.com_.csv,527
249_phl17.com_.csv,1242
186_www.wbcbnews.com_.csv,1744
216_cccvoice.wordpress.com_.csv,1640
123_www.newarkblack.com.csv,1660
85_www.dailyprincetonian.com.csv,646
307_www.shorelocalnews.com_.csv,988
206_acprimetime.com_atlantic-city-primetime-news_.csv,39
219_countywatchers.wordpress.com_.csv,228
325_www.worldjournal.com_.csv,1673
270_wobm.com_.csv,11257
240_newjerseybuzz.com_.csv,598
64_wnjc.duxpond.com_.csv,3
229_hudsoncountyview.com_.csv,1447
99_www.hobokenhorse.com_.csv,100560
43_somore.org_.csv,340
280_www.civicstory.org.csv,842
278_www.bizjournals.com_philadelphia_.csv,3984
209_americanonewspaper.com_.csv,453
26_mercerme.com.csv,3
228_hellenicnews.com_.csv,2149
167_www.theobserver.com_.csv,1812
69_www.afrophilly.com_.csv,1664
317_www.visionsnewspaper.com_.csv,2721
125_www.newsindiatimes.com.csv,1569
254_sojo1049.com_.csv,8571
133_www.ocsentinel.com_.csv,713
160_www.the-gazette-newspaper.com_.csv,31
58_unionnewsdaily.com.csv,5
150_www.roi-nj.com_.csv,867
281_www.classicoldieswmid.com_.csv,930
141_www.princetonmagazine.com_.csv,737
321_www.wghtradio.com_.csv,53
11_brick.shorebeat.com.csv,943
144_www.radiowttm1680.com_index_files_Page447.htm.csv,2
263_thephilanews.com_.csv,1685
231_latribunanj.com_.csv,35
309_www.telemundo47.com_.csv,31
297_www.njpen.com.csv,1239
28_mycommunitysource.com.csv,2309
329_www.wwfm.org_.csv,1087
29_newjersey.news12.com_.csv,4261
330_www1.nyc.gov_site_media_radio_radio-home.page.csv,37
220_cranfordradio.wordpress.com.csv,1017
152_www.setonian.com.csv,39
17_gujaratdarpan.com.csv,1506
10_asianjournal.com.csv,6
323_www.wlvt.org_.csv,944
189_www.wfmz.com_.csv,4
266_wctcam.com_.csv,2942
212_blogfinger.net.csv,146
221_downbeachbuzz.com_.csv,815
148_www.reminderusa.net_.csv,2286
316_www.tristatevoice.com_.csv,384
208_americanfarmpublications.com_the-new-jersey-farmer_.csv,53
277_www.am1660.com_.csv,85
14_esecaucus.com_.csv,79
92_www.fdupillar.com_.csv,451
18_gujarattimesusa.com.csv,37
324_www.wnet.org_.csv,95
66_wtsr.org_.csv,421
182_www.universitypressclub.com_the-ink_.csv,120
315_www.theyeshivaworld.com_.csv,1348
89_www.dunellen411.com_.csv,1978
37_planettrenton.org_.csv,990
319_www.wehavegospel.com_.csv,1922
203_920thejersey.com_.csv,2274
158_www.stocktonargo.com.csv,173
289_www.insidernj.com_.csv,21
245_njbmagazine.com_.csv,1341
262_theobservernewark.com_news.csv,24
276_www.951wayv.com_.csv,1567
